,class,Precision,Recall,F1
0,AbdomenCT,0.9948317156183033,0.9865,0.9906483399234295
1,BreastMRI,0.934040047114252,0.9963702359346642,0.9641988651715753
2,ChestCT,0.9864197530864197,0.99875,0.9925465838509316
3,CXR,0.9439786122250577,0.971,0.9572986628874236
4,Hand,0.9518828451882845,0.91,0.9304703476482618
5,HeadCT,0.9638728323699421,0.917125,0.9399180117858058
