,class,Precision,Recall,F1
0,AbdomenCT,0.9950248756218906,1.0,0.9975062344139651
1,BreastMRI,0.9367154811715481,1.0,0.9673237915203888
2,ChestCT,0.9995002498750625,1.0,0.9997500624843789
3,CXR,0.9430776652194887,0.9775,0.9599803584581391
4,Hand,0.9706353443673251,0.909,0.9388071262587141
5,HeadCT,0.9703433922996878,0.9325,0.9510453850076492
