,class,Precision,Recall,F1
0,AbdomenCT,0.98718,0.9625,0.97468
1,BreastMRI,1.0,0.97222,0.98591
2,ChestCT,0.96939,1.0,0.98446
3,CXR,0.96512,0.97647,0.97076
4,Hand,0.96203,0.92683,0.9441
5,HeadCT,0.96629,1.0,0.98286
