,class,Precision,Recall,F1
0,AbdomenCT,0.99346,0.9875,0.99047
1,BreastMRI,0.94751,0.98772,0.9672
2,ChestCT,0.98716,0.9995,0.99329
3,CXR,0.96796,0.982,0.97493
4,Hand,0.97633,0.928,0.95155
5,HeadCT,0.95255,0.9435,0.948
