,class,Precision,Recall,F1
0,AbdomenCT,0.98521,0.97654,0.98086
1,BreastMRI,0.9965,0.97603,0.98616
2,ChestCT,0.97605,1.0,0.98788
3,CXR,0.95988,0.98107,0.97036
4,Hand,0.98006,0.92973,0.95423
5,HeadCT,0.9564,0.99153,0.97365
