,class,Precision,Recall,F1
0,AbdomenCT,0.99251,0.99144,0.99197
1,BreastMRI,0.99576,0.98443,0.99006
2,ChestCT,0.9883,1.0,0.99412
3,CXR,0.97057,0.9816,0.97605
4,Hand,0.97942,0.93471,0.95654
5,HeadCT,0.95708,0.98984,0.97318
