,class,Precision,Recall,F1
0,AbdomenCT,0.99502,1.0,0.9975
1,BreastMRI,0.93672,1.0,0.96733
2,ChestCT,0.9995,1.0,0.99975
3,CXR,0.94308,0.9775,0.95998
4,Hand,0.97064,0.909,0.93881
5,HeadCT,0.97034,0.9325,0.95104
