,class,Precision,Recall,F1
0,AbdomenCT,0.99346,0.9875,0.99047
1,BreastMRI,0.93951,0.99721,0.9675
2,ChestCT,0.98715,0.999,0.99304
3,CXR,0.94709,0.9755,0.96109
4,Hand,0.95707,0.914,0.93504
5,HeadCT,0.96698,0.9225,0.94422
