,class,Precision,Recall,F1
0,AbdomenCT,0.99705,0.98772,0.99236
1,BreastMRI,0.99659,0.97922,0.98783
2,ChestCT,0.98588,1.0,0.99289
3,CXR,0.97095,0.98993,0.98035
4,Hand,0.98518,0.93824,0.96114
5,HeadCT,0.95257,0.98978,0.97082
