,class,Precision,Recall,F1
0,AbdomenCT,0.99346,0.9875,0.99047
1,BreastMRI,0.947,0.98772,0.96693
2,ChestCT,0.98716,0.9995,0.99329
3,CXR,0.96801,0.9835,0.97569
4,Hand,0.97379,0.929,0.95087
5,HeadCT,0.95381,0.9395,0.9466
