,class,Precision,Recall,F1
0,AbdomenCT,0.99535,0.98912,0.99223
1,BreastMRI,0.94416,0.98674,0.96498
2,ChestCT,0.98899,0.9995,0.99422
3,CXR,0.96446,0.98375,0.97401
4,Hand,0.97718,0.92588,0.95084
5,HeadCT,0.95254,0.94088,0.94667
