,class,Precision,Recall,F1
0,AbdomenCT,0.99522,0.98875,0.99197
1,BreastMRI,0.93434,0.99735,0.96482
2,ChestCT,0.98874,0.99912,0.9939
3,CXR,0.94378,0.9715,0.95744
4,Hand,0.95418,0.911,0.93209
5,HeadCT,0.9665,0.91962,0.94248
