,class,Precision,Recall,F1
0,AbdomenCT,0.99567,0.99245,0.99406
1,BreastMRI,0.99448,0.9842,0.98931
2,ChestCT,0.99125,1.0,0.99561
3,CXR,0.97366,0.98876,0.98115
4,Hand,0.98462,0.93305,0.95814
5,HeadCT,0.95223,0.99028,0.97088
