,class,Precision,Recall,F1
0,AbdomenCT,1.0,0.99135,0.99566
1,BreastMRI,1.0,0.97872,0.98925
2,ChestCT,0.99112,1.0,0.99554
3,CXR,0.99704,0.99704,0.99704
4,Hand,0.99716,0.98596,0.99153
5,HeadCT,0.97159,1.0,0.98559
