,class,Precision,Recall,F1
0,AbdomenCT,0.99483,0.9865,0.99065
1,BreastMRI,0.93404,0.99637,0.9642
2,ChestCT,0.98642,0.99875,0.99255
3,CXR,0.94398,0.971,0.9573
4,Hand,0.95188,0.91,0.93047
5,HeadCT,0.96387,0.91712,0.93991
