,class,Precision,Recall,F1
0,AbdomenCT,0.99471,0.98725,0.99097
1,BreastMRI,0.9448,0.9845,0.96424
2,ChestCT,0.98716,0.9995,0.99329
3,CXR,0.96229,0.9825,0.97229
4,Hand,0.9749,0.92238,0.94791
5,HeadCT,0.94976,0.9405,0.94511
