,class,Precision,Recall,F1
0,AbdomenCT,0.99552,1.0,0.99775
1,BreastMRI,0.94737,0.99497,0.97059
2,ChestCT,0.9995,1.0,0.99975
3,CXR,0.96302,0.9895,0.97608
4,Hand,0.98668,0.926,0.95538
5,HeadCT,0.96138,0.946,0.95363
